author_flair_text,(sum(pos) / count(pos) AS `Percentage of positive`)
Utah,0.04950495049504951
Hawaii,0.09859154929577464
John Logsdon,0.5
extra butter,0.0
Minnesota,0.09363295880149813
"Chief Innovation Officer, San Jose CA",1.0
Ohio,0.11578947368421053
Oregon,0.11253196930946291
Arkansas,0.12307692307692308
Verified,0.0
District Of Columbia,0.0975609756097561
Dr. Bob Solomon,0.3333333333333333
Texas Tribune,0.0
Foreign,0.1037663335895465
Texas,0.1223529411764706
Stefano de Stefano,1.0
"David Daley, Author - \"Ratf**ked\"",0.0
North Dakota,0.16666666666666666
,0.1181767500484778
Tom Prigg,0.0
Pennsylvania,0.12484993997599039
Connecticut,0.10666666666666667
Nebraska,0.11711711711711711
Vermont,0.0875
Will Fisher,0.5
Abdul El-Sayed,0.0
University of Michigan,0.0
"Erwin Chemerinsky, UC Berkeley School of Law",0.0
American Samoa,0.0
Nevada,0.1342281879194631
"John Carlson, Cass County Dem. Chair",0.0
Professor Sarah Burns,0.0
Puerto Rico,0.08695652173913043
Washington,0.11486486486486487
Illinois,0.11065573770491803
"Dan Diamond, POLITICO",0.0
Oklahoma,0.13559322033898305
Sam Wang,0.0
"David Fahrenthold, The Washington Post",0.0
Congressman Mike Doyle (D-PA),0.0
Delaware,0.1111111111111111
President of Golden Frog,1.0
Alaska,0.05555555555555555
Ro Khanna (D-CA),0.0
"Economist Jeffrey Miron, Harvard",0.0
Exec. Director of Veterans Stand,0.0
Northern Marianas,0.11428571428571428
Dion Douglas (IN),1.0
Laura Oatman,0.0
New Mexico,0.1320754716981132
West Virginia,0.10909090909090909
Missouri,0.11262798634812286
Rhode Island,0.08602150537634409
Georgia,0.1415929203539823
"Jeremy Scahill, The Intercept",0.0
Montana,0.17333333333333334
Prof. Michael Munger,0.0
Michigan,0.10894941634241245
Virginia,0.11952191235059761
Guam,0.07894736842105263
"Tom Goldstein, SCOTUSblog",0.5
North Carolina,0.125
Wyoming,0.125
"Pamela Smith, President of Verified Voting",0.0
Kansas,0.18452380952380953
New Jersey,0.10984308131241084
Maryland,0.10896551724137932
Alabama,0.14746543778801843
Arizona,0.1184573002754821
Daniel Ziblatt and Steven Levitsky,0.0
Iowa,0.1031390134529148
"Harri Hursti, creator of the Hursti Hack",0.0
Massachusetts,0.12716763005780346
"Andy, Center for Investigative Reporting",0.0
Kentucky,0.10060975609756098
Louisiana,0.10218978102189781
Mississippi,0.08695652173913043
America,0.13336663336663337
New Hampshire,0.19642857142857142
Tennessee,0.0873015873015873
"Chris Cillizza, CNN",0.0
Florida,0.12848484848484848
Indiana,0.17883211678832117
Mike Hartley,0.0
Idaho,0.07692307692307693
Gov. Steve Bullock (MT),1.0
South Carolina,0.13043478260869565
Sr. Economic Analyst,0.0
South Dakota,0.16666666666666666
California,0.12235219728106228
New York,0.12686567164179105
AL.com,0.0
Wisconsin,0.134185303514377
Massachusetts Institute of Technology,0.0
Colorado,0.12670299727520437
Maine,0.15217391304347827
