author_flair_text,(sum(neg) / count(neg) AS `Percentage of positive`)
Utah,0.9603960396039604
Hawaii,0.9859154929577465
John Logsdon,1.0
extra butter,1.0
Minnesota,0.9700374531835206
"Chief Innovation Officer, San Jose CA",1.0
Ohio,0.9669172932330827
Oregon,0.9641943734015346
Arkansas,0.9846153846153847
Verified,1.0
District Of Columbia,0.9658536585365853
Dr. Bob Solomon,1.0
Texas Tribune,0.0
Foreign,0.9800153727901614
Texas,0.9641176470588235
Stefano de Stefano,1.0
"David Daley, Author - \"Ratf**ked\"",1.0
North Dakota,0.9583333333333334
,0.9643566996315688
Tom Prigg,1.0
Pennsylvania,0.9603841536614646
Connecticut,0.9666666666666667
Nebraska,0.954954954954955
Vermont,0.9625
Will Fisher,1.0
Abdul El-Sayed,1.0
University of Michigan,1.0
"Erwin Chemerinsky, UC Berkeley School of Law",1.0
American Samoa,1.0
Nevada,0.9798657718120806
"John Carlson, Cass County Dem. Chair",1.0
Professor Sarah Burns,1.0
Puerto Rico,0.9565217391304348
Washington,0.96875
Illinois,0.9740437158469946
"Dan Diamond, POLITICO",1.0
Oklahoma,0.9661016949152542
Sam Wang,1.0
"David Fahrenthold, The Washington Post",1.0
Congressman Mike Doyle (D-PA),1.0
Delaware,0.9444444444444444
President of Golden Frog,1.0
Alaska,0.9814814814814815
Ro Khanna (D-CA),1.0
"Economist Jeffrey Miron, Harvard",1.0
Exec. Director of Veterans Stand,1.0
Northern Marianas,0.9428571428571428
Dion Douglas (IN),1.0
Laura Oatman,1.0
New Mexico,0.9811320754716981
West Virginia,0.9636363636363636
Missouri,0.9726962457337884
Rhode Island,0.978494623655914
Georgia,0.9756637168141593
"Jeremy Scahill, The Intercept",1.0
Montana,0.9333333333333333
Prof. Michael Munger,1.0
Michigan,0.9610894941634242
Virginia,0.9780876494023905
Guam,0.9473684210526315
"Tom Goldstein, SCOTUSblog",1.0
North Carolina,0.9691558441558441
Wyoming,0.90625
"Pamela Smith, President of Verified Voting",1.0
Kansas,0.9821428571428571
New Jersey,0.9586305278174037
Maryland,0.9862068965517241
Alabama,0.967741935483871
Arizona,0.9669421487603306
Daniel Ziblatt and Steven Levitsky,1.0
Iowa,0.9417040358744395
"Harri Hursti, creator of the Hursti Hack",1.0
Massachusetts,0.9725433526011561
"Andy, Center for Investigative Reporting",1.0
Kentucky,0.975609756097561
Louisiana,0.9781021897810219
Mississippi,0.9710144927536232
America,0.964035964035964
New Hampshire,0.9464285714285714
Tennessee,0.9708994708994709
"Chris Cillizza, CNN",1.0
Florida,0.9709090909090909
Indiana,0.9744525547445255
Mike Hartley,1.0
Idaho,0.9538461538461539
Gov. Steve Bullock (MT),1.0
South Carolina,0.9875776397515528
Sr. Economic Analyst,1.0
South Dakota,0.9722222222222222
California,0.963958267467594
New York,0.9701492537313433
AL.com,0.6666666666666666
Wisconsin,0.9616613418530351
Massachusetts Institute of Technology,1.0
Colorado,0.9713896457765667
Maine,0.9565217391304348
